{
    "title": "Address",
    
    "type": "object",
    
    "properties": {
        "firstname": {
            "type": "string"
        },
        "lastname": {
            "type": "string"
        },
        "address1": {
            "type": "string"
        },
        "address2": {
            "type": "string",
            "default": ""
        },
        "city": {
            "type": "string"
        },
        "state": {
            "type": "string"
        },
        "country": {
            "type": "string"
        },
        "phone": {
            "type": "string"
        },
        "zipcode": {
            "type": "string"
        }
    },
    "required": ["firstname", "lastname", "address1", "zipcode", "city", "state", "country"]
}
